ilham20keC,ilham,1
rafliA,Rafli,1
ilham21keA,ilham,1
subliA,Subli,1
adliA,Adli,1
arifA,Arif,1
kamalA,Kamal,1
handiA,Handi,1
danangA,Danang,1
kurniawan,Kurniawan,1
zainA,Zain,1
wawanA,Wawan,0
anasA,Anas,0